epoch,train_loss,train_acc,val_acc,val_auc
1,0.014692452420445892,0.9924890829694323,1.0,1.0
2,1.432180656836733e-05,1.0,1.0,1.0
3,7.066837760051824e-06,1.0,1.0,1.0
4,5.3663931718667916e-06,1.0,1.0,1.0
5,3.3122917697525622e-06,1.0,1.0,1.0
6,2.504005122234381e-06,1.0,1.0,1.0
7,2.0701897674843143e-06,1.0,1.0,1.0
8,1.6253939242792472e-06,1.0,1.0,1.0
9,0.010367880005884051,0.997414847161572,1.0,1.0
10,0.0006285147049166337,0.9998602620087336,1.0,1.0
