{
  "model": "Zero-Shot CLIP (CORRECTED)",
  "accuracy": 0.6083073508428896,
  "auc": 0.5914816813024928
}