{
  "model": "Zero-Shot CLIP",
  "accuracy": 0.6063307050622786,
  "auc": 0.5926759363412906
}